,,,n_anos,n_anos,distribuicao,distribuicao,a,a,k,k,media_mm,media_mm,cv,cv,psi100_5,psi100_5
serie,,,completa,qc,completa,qc,completa,qc,completa,qc,completa,qc,completa,qc,completa,qc
codigo_ibge,nome,uf,,,,,,,,,,,,,,
1100015,Alta Floresta d'Oeste,RO,65,64,Gumbel,GEV,0.14159032568894736,0.12802211034008804,638.637332521267,639.605331445216,55.46205895907692,54.5110248984375,0.27735642784456466,0.24657489103323807,1.5283163555533146,1.4674408535372137
1100080,Costa Marques,RO,65,27,Log-Normal,GEV,0.30872257167840045,0.2858732527961141,645.4097340250344,455.40143547698085,66.00534000492308,49.09727942148149,0.498853284883808,0.3984046605682828,2.5214904410542993,2.354667973303653
1100106,Guajará-Mirim,RO,65,27,Log-Normal,Log-Normal,0.3669754704896914,0.23820882749989375,658.8700543985982,506.13230456163376,72.44764041692308,48.52912688666668,0.6070802005296259,0.37871989673734613,3.0022447550437286,2.0413469761394367
1100148,Nova Brasilândia d'Oeste,RO,65,64,GEV,Gumbel,0.2064110545442926,0.1372648161043732,608.3643017738232,668.323387738564,59.57571650369231,58.20539527,0.3157829325469551,0.2636826772608498,1.8558675296702032,1.5086400858296916
1100205,Porto Velho,RO,65,28,GEV,Weibull,0.1936734950291975,0.09109992531413574,668.0011549822965,697.7405218571789,63.403509710461535,57.681812445,0.2976314662975696,0.18603524404560903,1.7863848479036963,1.3137832950152841
1100254,Presidente Médici,RO,65,64,GEV,Weibull,0.15330069213749875,0.10514356046488571,607.5094368857119,637.7921116971015,55.17059565230768,53.769103743749994,0.28051486573124845,0.1982375629894803,1.582882941629607,1.370234588195611
1100320,São Miguel do Guaporé,RO,65,28,Log-Normal,Weibull,0.23046362164550938,0.14652306711360796,547.0337074233669,554.9112734294297,54.839516999384614,49.480568026428564,0.29922167698200386,0.2220929679795681,1.994527757410835,1.5510682405037721
1100338,Nova Mamoré,RO,65,27,Log-Normal,Gama,0.3361192331497342,0.15988578527401048,649.254175560308,604.9623101315401,69.5956524166154,53.471850482962964,0.5644332538298341,0.2814692610016799,2.7371664268402625,1.6144187859306844
1100346,Alvorada d'Oeste,RO,65,64,Gama,Weibull,0.1561389214837121,0.1209835577056953,640.9556921624345,657.0157407144068,56.789331516615384,55.48748540875,0.28870025450497894,0.2287845998818742,1.596398901763746,1.4368228881513199
1100452,Buritis,RO,65,27,GEV,GEV,0.3035283111646272,0.2452053463391165,594.3395205430394,531.926347893306,68.68164715015384,60.08775023259259,0.36469713937962184,0.2724144514862807,2.4825581923588564,2.084584530976639
1100502,Novo Horizonte do Oeste,RO,65,64,Gumbel,Log-Normal,0.13847845194211117,0.10573312792250705,658.6494993941373,670.2918316644867,57.34996789538462,55.747774739375,0.3072362395472403,0.21666100026268745,1.5141350739915798,1.372656816121759
1100700,Campo Novo de Rondônia,RO,65,64,GEV,GEV,0.3324376533615517,0.2957022790226723,587.9581441802218,610.2626719590817,70.11825806307692,68.37963955875,0.39683213028441205,0.3542959775451452,2.7071440067221997,2.4250323406030834
1100908,Castanheiras,RO,65,64,Gama,Log-Normal,0.12062551203621197,0.07852275128712016,668.5736840170073,685.1475408911101,56.461210809538464,55.2461866846875,0.2527097449532347,0.1892673923650027,1.4352825652665586,1.2652037042449793
1101005,Governador Jorge Teixeira,RO,65,28,Gama,Gumbel,0.17070711029877444,0.11940578998718143,679.3277958740426,646.2646540313879,60.682516454769235,56.55837782142858,0.28758734944711833,0.24977136565194769,1.6676122279264036,1.430047669046557
1101203,Ministro Andreazza,RO,65,64,GEV,Log-Normal,0.15502421022757407,0.09987710363572899,614.9457249982743,650.0507865474442,55.50294199630769,54.053533675937494,0.28928121204653706,0.20531638669416769,1.5910768159791906,1.3487861809204242
1101302,Mirante da Serra,RO,65,64,Gama,Weibull,0.1659414249548039,0.1322924949983033,683.7160184245944,701.3110035338374,59.79333680523076,58.47748667249999,0.3153653783409446,0.26869692891877406,1.6439733437797532,1.4863343140731196
1101492,São Francisco do Guaporé,RO,65,27,GEV,Gumbel,0.27757281477971146,0.14785289492864973,536.7907331669647,521.7757734009873,56.37944473507692,45.22982391703703,0.4663061292675473,0.27868338334843024,2.2968390222103396,1.5572597233810443
1101500,Seringueiras,RO,65,27,Weibull,GEV,0.2025947008863635,0.14903448206425435,651.3318149164209,555.6076741030108,57.04276409107691,47.97241878518518,0.411446356571269,0.28719191584649767,1.8347706437200069,1.5627817522184746
1101708,Urupá,RO,65,64,Gama,Gumbel,0.15877081936851833,0.12319348373228456,640.7347308126215,643.2122518932275,57.33845303476923,56.058598395937494,0.2765425960851444,0.21647009793389246,1.6090353978594214,1.4463667106952967
1200013,Acrelândia,AC,65,28,GEV,Normal,0.4450876754332856,0.07888228094674765,532.6032708454414,704.3896135391975,74.48862305076923,55.58944304785715,0.5412738520499949,0.21761829229925012,3.7937823912931807,1.2665671318316283
1200054,Assis Brasil,AC,65,27,GEV,GEV,0.5334237118490004,0.24329759263421585,349.3313107388527,475.67511614259604,61.79871844800001,51.00341337333334,0.5668769163187999,0.3040549687450615,4.943109709818258,2.072704860801401
1200104,Brasiléia,AC,65,28,GEV,GEV,0.49560093608751243,0.2943949294860546,393.99073641894546,459.03751209967544,63.62060180738462,53.32295477214284,0.5585974925052822,0.3217967525454467,4.41358691839519,2.4155533503359443
1200138,Bujari,AC,65,28,GEV,Weibull,0.3636700903533647,0.0819622238490646,510.07571048493276,690.6130754104051,63.85396260646154,54.47066794357142,0.4944059574991522,0.22264550622392862,2.9726631264032015,1.2783074256727367
1200179,Capixaba,AC,65,28,GEV,Weibull,0.43473608921882256,0.16634112213137997,518.549134584837,614.1576102792175,71.46972239199998,55.20319342285715,0.580179205376472,0.2948178915300949,3.677940441779871,1.6459429929841876
1200252,Epitaciolândia,AC,65,28,GEV,Gama,0.47478224790636414,0.14167694874127867,449.9761761231151,603.8907033904403,68.35447721138462,52.14654877142856,0.5714202311863571,0.24558791441372055,4.146731787761106,1.5287130043057715
1200344,Manoel Urbano,AC,65,28,GEV,Log-Normal,0.3335932301436476,0.1855524289115127,504.3211938879461,605.1315174308397,59.27073115876922,54.626148745,0.4310406157376373,0.32153179748238686,2.716531834227973,1.7434491124985056
1200385,Plácido de Castro,AC,65,28,Log-Normal,Log-Normal,0.3290934539129774,0.18648209099956442,725.4316350494298,625.3583867706965,77.44709710153847,57.31346518357142,0.5362302242035704,0.30628825780167296,2.6801583561758804,1.748311418579287
1200401,Rio Branco,AC,65,28,GEV,Normal,0.37244843144985706,0.09003105714384635,536.6008100908747,736.5277293895695,67.335993072,57.30905090214286,0.5046053205968747,0.2605207933749003,3.0518738723174734,1.3095832325562815
1200450,Senador Guiomard,AC,65,28,GEV,GEV,0.514922125594711,0.2239183860344936,441.66546758635076,567.4255691277139,70.27682508861538,56.034059282857136,0.5686973970048659,0.32269291799823385,4.676588214206261,1.955800427908778
1200500,Sena Madureira,AC,65,28,GEV,GEV,0.34284836101492416,0.12620596946645496,481.05219969181235,588.9096945138995,60.12853545415384,51.59721597142857,0.4860447286859108,0.22596948213420612,2.792903958940321,1.4594786688829582
1200708,Xapuri,AC,65,28,GEV,Weibull,0.4758918073031244,0.13003419860368598,436.13985201922884,619.1707818667825,67.05467129384617,52.16984636785713,0.5666473874916936,0.2507255360480403,4.1605382206069725,1.4763128259506466
1200807,Porto Acre,AC,65,28,GEV,Log-Normal,0.44444687822135137,0.17939750003063798,426.1273739970193,558.3422592004699,62.62493610738461,51.45154468428571,0.5440137507927474,0.2664397600131378,3.786506616521804,1.7115970476229028
1300706,Boca do Acre,AM,65,28,GEV,GEV,0.29134921695927773,0.210828319049515,524.3391597889513,514.8843298544508,56.853138634153844,50.60400265,0.428923493084071,0.2901581909536265,2.39361374725399,1.880589327051572
1302405,Lábrea,AM,65,28,GEV,Log-Normal,0.2705974290540628,0.21532221442660404,536.1003267040803,549.9766362820876,57.339298162153845,53.61258068142858,0.3733205942883933,0.30320737494063615,2.2493413754845037,1.9060779603086506
1303502,Pauini,AM,65,28,Log-Normal,Weibull,0.19660362782538826,0.104752504244839,559.8473746527459,596.6084606358289,53.27751031076922,49.08720650357143,0.31258455555828085,0.22174326050728196,1.802134567190535,1.3686302986288243
1700707,Alvorada,TO,65,64,GEV,GEV,0.19197275716818674,0.17709626331279077,520.7558704328319,525.2457098134109,49.823263407999995,49.14827072999999,0.2931731139576903,0.27798350990244547,1.7773064436271757,1.6998380665115898
1707009,Dianópolis,TO,65,64,Log-Normal,Gumbel,0.16653462283101894,0.14582485583895183,606.175658850748,607.5544090052823,53.74708421384615,52.73213079218749,0.3262462872141676,0.29642252315746853,1.6468973837054455,1.5478273329481558
1717909,Ponte Alta do Tocantins,TO,65,64,Gumbel,GEV,0.14256549137612134,0.11694857602813608,566.8529815427917,577.8913641823658,49.21033477230768,48.276419493125,0.27818520467981633,0.23869443289685344,1.532787607938534,1.4195595160886834
2304269,Deputado Irapuan Pinheiro,CE,65,64,Gumbel,Weibull,0.15788664543345088,0.11470912224162544,642.9769133203938,676.472751830151,55.67555926461539,54.2144710196875,0.33745732847149845,0.2721120075358437,1.60477910734531,1.4100678440362475
2901304,Andaraí,BA,65,64,Gama,Normal,0.13764212474863535,0.10413690222589994,752.4350118374614,771.9269474099177,59.977891497846144,58.8132019715625,0.3465692283359374,0.3178077807154774,1.5103462894709765,1.3661086255208288
2901403,Angical,BA,65,64,GEV,GEV,0.18446923017531858,0.17198310491530122,546.469207943082,548.1055502707393,50.02070629323077,49.275518523125,0.33203124227417485,0.31671135052267674,1.7378008356923949,1.6739989384056262
2914604,Irecê,BA,65,64,Weibull,Weibull,0.1680365540260642,0.15345386538476213,593.0785770593208,590.2341406759805,51.776880998461536,50.7794243546875,0.34662036095755294,0.3184600317961408,1.6543241023370518,1.5836094395271059
2918357,João Dourado,BA,65,64,Gumbel,GEV,0.1693061598552119,0.15892093851729483,574.9935958671723,573.2618144606532,49.42320123230769,48.5900327303125,0.35106287664903807,0.3318395010163536,1.660628138015963,1.6097591708098533
2919306,Lençóis,BA,65,64,Log-Normal,Log-Normal,0.14522145074602294,0.10157237346425974,662.4140197602172,685.6100069724569,54.59295108492308,53.334036457812495,0.3329377460108114,0.2849477740259331,1.5450319454647954,1.3556535154506695
2921401,Mirangaba,BA,65,64,GEV,Gumbel,0.22801461916383098,0.17371269886195645,478.6785154297001,512.1001290368165,45.13745462399999,44.21114218999999,0.42941667744180495,0.4077628106876676,1.9799483400281777,1.6826951068949991
2923357,Ourolândia,BA,65,64,GEV,Gumbel,0.210435893702565,0.16665705684432658,434.62246624435824,455.9194357280543,40.22652503292307,39.3567354446875,0.3854617912634228,0.3541659301019518,1.8783798028517242,1.6475015427354494
3100609,Água Boa,MG,65,64,Weibull,Weibull,0.15871286216021618,0.14224283439623142,628.5132722330304,624.8893614535447,54.28606420338461,53.1964886746875,0.3249961025705955,0.2898931815622571,1.6087560544990422,1.5313067405578809
3112059,Cantagalo,MG,65,64,Gama,Gama,0.1263790541087767,0.10899587888562112,653.8647720948188,652.357151753614,54.22912374584615,53.296591702499995,0.27443555319912033,0.24289055163800327,1.4602356270586705,1.386139398823578
3128006,Guanhães,MG,65,64,Log-Normal,Log-Normal,0.1220304244594988,0.09909380498680181,674.5559349600219,682.1114613618181,56.541180988307694,55.6189175728125,0.2555930006058525,0.2245617509217803,1.441336028340863,1.3456248931193482
3139201,Malacacheta,MG,65,64,Gumbel,Gumbel,0.15369963795695063,0.1500102220716258,623.6372710846198,613.8137346418772,54.316594430153835,53.33618228906249,0.3334938605913236,0.30799999116459476,1.584775831126913,1.567356533444505
3156809,Sabinópolis,MG,65,64,Log-Normal,Gama,0.1324576228223906,0.08923344753424284,665.2189558798041,686.9615079547339,55.82873860307692,54.5600571425,0.2892648343788277,0.23086375683374216,1.4870697539647282,1.306457817297783
3158201,Santa Maria do Suaçuí,MG,65,64,Log-Normal,Log-Normal,0.1569775812509005,0.1362119969812567,618.5886489228465,622.0605070598857,54.31828468492307,53.2370448853125,0.2999175215375386,0.2605574079082955,1.600414737154121,1.5038893846789447
3162807,São João Evangelista,MG,65,64,Log-Normal,Log-Normal,0.1395592478030021,0.10520245359767205,620.7832848578578,635.4009954527814,52.95551677723076,51.836031662187494,0.28673161906454636,0.23741996777512675,1.519045447796932,1.370476357350608
3164506,São Sebastião do Maranhão,MG,65,64,Weibull,Weibull,0.14120863401784262,0.13163205357990965,634.8663476367963,630.2995511428842,53.965232719999996,53.1887636821875,0.29032699529088263,0.27216505588133844,1.5265698069740168,1.4833965004012672
3169604,Tupaciguara,MG,65,64,Gumbel,Log-Normal,0.15352674976017222,0.12225624852021982,666.9360690575578,682.2477416856304,57.496069291999994,56.4300417853125,0.2994681794068302,0.26648504641383775,1.5839552458498185,1.4423114342078973
3504305,Avaí,SP,65,64,Gumbel,Gama,0.14666110636560675,0.13613903507218206,711.3877458665744,716.7484471202617,61.79576050215385,60.73318448249999,0.3027487432263806,0.2760176984398101,1.5517097842864962,1.5035607089619492
3535002,Palestina,SP,65,64,Gama,Gama,0.15154407917317275,0.1392829286417009,758.3353379373921,749.7037903838418,64.55383372184615,63.325241340937495,0.3143600458631665,0.28190247725748496,1.5745751484053476,1.5177885353400666
3553401,Tanabi,SP,65,64,Weibull,Weibull,0.16868483318490352,0.15307208375387887,795.6049806153133,789.8466598934084,68.54653240953846,67.18226572125,0.33362705742585386,0.30080415242799785,1.6575400386445192,1.5817992761344368
3554508,Tietê,SP,65,64,GEV,Weibull,0.19551466129832357,0.1443840248885594,626.6029621457488,685.8182838920864,59.497753502461535,58.376847186875,0.3209582213537864,0.29045081538599543,1.7962651287876175,1.5411607759949877
5105622,Mirassol d'Oeste,MT,65,64,GEV,GEV,0.19074664887984139,0.16868930173946528,483.2796548212594,492.3818940202719,46.71330027353846,45.9585998684375,0.2845121710592504,0.25913097059764156,1.7707902079382714,1.6575622276071083
5106281,Novo São Joaquim,MT,65,64,Gumbel,Gumbel,0.14655215553239437,0.1430100109859198,567.467211011336,559.3759733401555,49.360873087692305,48.5269452915625,0.3037527989297772,0.2783505849130295,1.5512034082088524,1.5348301222207923
