estacao,codigo_ibge,nome,uf,dist_km,razao,limiar_p95,afetado
1166000,1100015,Alta Floresta d'Oeste,RO,445.0,1.028,1.104,False
1166000,1100023,Ariquemes,RO,361.7,0.892,1.104,False
1166000,1100080,Costa Marques,RO,253.8,1.434,1.104,True
1166000,1100106,Guajará-Mirim,RO,171.6,1.589,1.104,True
1166000,1100114,Jaru,RO,385.0,0.985,1.104,False
1166000,1100122,Ji-Paraná,RO,476.6,1.013,1.104,False
1166000,1100130,Machadinho d'Oeste,RO,489.3,0.963,1.104,False
1166000,1100148,Nova Brasilândia d'Oeste,RO,420.5,0.834,1.104,False
1166000,1100155,Ouro Preto do Oeste,RO,429.5,0.974,1.104,False
1166000,1100205,Porto Velho,RO,283.9,1.174,1.104,True
1166000,1100254,Presidente Médici,RO,459.2,0.881,1.104,False
1166000,1100262,Rio Crespo,RO,391.2,0.971,1.104,False
1166000,1100288,Rolim de Moura,RO,476.7,0.859,1.104,False
1166000,1100296,Santa Luzia d'Oeste,RO,490.5,0.918,1.104,False
1166000,1100320,São Miguel do Guaporé,RO,344.4,1.19,1.104,True
1166000,1100338,Nova Mamoré,RO,173.8,1.377,1.104,True
1166000,1100346,Alvorada d'Oeste,RO,387.4,1.005,1.104,False
1166000,1100379,Alto Alegre dos Parecis,RO,489.9,0.936,1.104,False
1166000,1100403,Alto Paraíso,RO,331.1,1.034,1.104,False
1166000,1100452,Buritis,RO,257.6,1.177,1.104,True
1166000,1100502,Novo Horizonte do Oeste,RO,442.3,0.834,1.104,False
1166000,1100601,Cacaulândia,RO,346.8,1.087,1.104,False
1166000,1100700,Campo Novo de Rondônia,RO,256.4,1.098,1.104,False
1166000,1100809,Candeias do Jamari,RO,383.8,0.925,1.104,False
1166000,1100908,Castanheiras,RO,461.2,0.844,1.104,False
1166000,1100940,Cujubim,RO,436.4,1.02,1.104,False
1166000,1101005,Governador Jorge Teixeira,RO,318.0,1.128,1.104,True
1166000,1101104,Itapuã do Oeste,RO,390.9,1.023,1.104,False
1166000,1101203,Ministro Andreazza,RO,492.9,0.787,1.104,False
1166000,1101302,Mirante da Serra,RO,353.1,1.068,1.104,False
1166000,1101401,Monte Negro,RO,309.5,1.051,1.104,False
1166000,1101435,Nova União,RO,387.9,1.0,1.104,False
1166000,1101492,São Francisco do Guaporé,RO,355.6,1.2,1.104,True
1166000,1101500,Seringueiras,RO,323.1,1.181,1.104,True
1166000,1101559,Teixeirópolis,RO,415.3,0.97,1.104,False
1166000,1101609,Theobroma,RO,420.8,1.048,1.104,False
1166000,1101708,Urupá,RO,399.4,0.99,1.104,False
1166000,1101757,Vale do Anari,RO,475.2,1.016,1.104,False
1166000,1101807,Vale do Paraíso,RO,441.5,0.955,1.104,False
1166000,1200013,Acrelândia,AC,153.2,1.597,1.104,True
1166000,1200054,Assis Brasil,AC,429.1,1.278,1.104,True
1166000,1200104,Brasiléia,AC,342.5,1.339,1.104,True
1166000,1200138,Bujari,AC,276.8,1.303,1.104,True
1166000,1200179,Capixaba,AC,200.7,1.518,1.104,True
1166000,1200252,Epitaciolândia,AC,277.1,1.546,1.104,True
1166000,1200344,Manoel Urbano,AC,450.7,1.149,1.104,True
1166000,1200385,Plácido de Castro,AC,161.7,1.617,1.104,True
1166000,1200401,Rio Branco,AC,271.5,1.307,1.104,True
1166000,1200450,Senador Guiomard,AC,185.6,1.447,1.104,True
1166000,1200500,Sena Madureira,AC,386.3,1.29,1.104,True
1166000,1200708,Xapuri,AC,269.1,1.501,1.104,True
1166000,1200807,Porto Acre,AC,234.6,1.382,1.104,True
1166000,1300706,Boca do Acre,AM,329.6,1.217,1.104,True
1166000,1300904,Canutama,AM,469.1,0.904,1.104,False
1166000,1302405,Lábrea,AM,295.1,1.122,1.104,True
1166000,1303502,Pauini,AM,430.3,1.15,1.104,True
